year,week,battle_deaths,v2x_polyarchy,gdp_pc,pop_tot
1989,1,0,0.432,4309.1564871686,31822527.0
1989,2,4,0.432,4309.1564871686,31822527.0
1989,3,0,0.432,4309.1564871686,31822527.0
1989,4,5,0.432,4309.1564871686,31822527.0
1989,5,18,0.432,4309.1564871686,31822527.0
1989,6,5,0.432,4309.1564871686,31822527.0
1989,7,45,0.432,4309.1564871686,31822527.0
1989,8,0,0.432,4309.1564871686,31822527.0
1989,9,0,0.432,4309.1564871686,31822527.0
1989,10,14,0.432,4309.1564871686,31822527.0
1989,11,0,0.432,4309.1564871686,31822527.0
1989,12,9,0.432,4309.1564871686,31822527.0
1989,13,9,0.432,4309.1564871686,31822527.0
1989,14,0,0.432,4309.1564871686,31822527.0
1989,15,0,0.432,4309.1564871686,31822527.0
1989,16,0,0.432,4309.1564871686,31822527.0
1989,17,0,0.432,4309.1564871686,31822527.0
1989,18,6,0.432,4309.1564871686,31822527.0
1989,19,0,0.432,4309.1564871686,31822527.0
1989,20,0,0.432,4309.1564871686,31822527.0
1989,21,0,0.432,4309.1564871686,31822527.0
1989,22,0,0.432,4309.1564871686,31822527.0
1989,23,0,0.432,4309.1564871686,31822527.0
1989,24,1,0.432,4309.1564871686,31822527.0
1989,25,9,0.432,4309.1564871686,31822527.0
1989,26,5,0.432,4309.1564871686,31822527.0
1989,27,0,0.432,4309.1564871686,31822527.0
1989,28,0,0.432,4309.1564871686,31822527.0
1989,29,0,0.432,4309.1564871686,31822527.0
1989,30,0,0.432,4309.1564871686,31822527.0
1989,31,0,0.432,4309.1564871686,31822527.0
1989,32,0,0.432,4309.1564871686,31822527.0
1989,33,13,0.432,4309.1564871686,31822527.0
1989,34,0,0.432,4309.1564871686,31822527.0
1989,35,0,0.432,4309.1564871686,31822527.0
1989,36,0,0.432,4309.1564871686,31822527.0
1989,37,24,0.432,4309.1564871686,31822527.0
1989,38,0,0.432,4309.1564871686,31822527.0
1989,39,0,0.432,4309.1564871686,31822527.0
1989,40,0,0.432,4309.1564871686,31822527.0
1989,41,0,0.432,4309.1564871686,31822527.0
1989,42,0,0.432,4309.1564871686,31822527.0
1989,43,5,0.432,4309.1564871686,31822527.0
1989,44,4,0.432,4309.1564871686,31822527.0
1989,45,16,0.432,4309.1564871686,31822527.0
1989,46,34,0.432,4309.1564871686,31822527.0
1989,47,10,0.432,4309.1564871686,31822527.0
1989,48,0,0.432,4309.1564871686,31822527.0
1989,49,0,0.432,4309.1564871686,31822527.0
1989,50,0,0.432,4309.1564871686,31822527.0
1989,51,10,0.432,4309.1564871686,31822527.0
1989,52,0,0.432,4309.1564871686,31822527.0
1990,1,15,0.432,4369.09657147896,32457497.0
1990,2,43,0.432,4369.09657147896,32457497.0
1990,3,0,0.432,4369.09657147896,32457497.0
1990,4,5,0.432,4369.09657147896,32457497.0
1990,5,1,0.432,4369.09657147896,32457497.0
1990,6,7,0.432,4369.09657147896,32457497.0
1990,7,3,0.432,4369.09657147896,32457497.0
1990,8,22,0.432,4369.09657147896,32457497.0
1990,9,5,0.432,4369.09657147896,32457497.0
1990,10,24,0.432,4369.09657147896,32457497.0
1990,11,0,0.432,4369.09657147896,32457497.0
1990,12,0,0.432,4369.09657147896,32457497.0
1990,13,17,0.432,4369.09657147896,32457497.0
1990,14,22,0.432,4369.09657147896,32457497.0
1990,15,14,0.432,4369.09657147896,32457497.0
1990,16,21,0.432,4369.09657147896,32457497.0
1990,17,15,0.432,4369.09657147896,32457497.0
1990,18,0,0.432,4369.09657147896,32457497.0
1990,19,21,0.432,4369.09657147896,32457497.0
1990,20,0,0.432,4369.09657147896,32457497.0
1990,21,31,0.432,4369.09657147896,32457497.0
1990,22,6,0.432,4369.09657147896,32457497.0
1990,23,0,0.432,4369.09657147896,32457497.0
1990,24,0,0.432,4369.09657147896,32457497.0
1990,25,0,0.432,4369.09657147896,32457497.0
1990,26,6,0.432,4369.09657147896,32457497.0
1990,27,19,0.432,4369.09657147896,32457497.0
1990,28,0,0.432,4369.09657147896,32457497.0
1990,29,0,0.432,4369.09657147896,32457497.0
1990,30,0,0.432,4369.09657147896,32457497.0
1990,31,0,0.432,4369.09657147896,32457497.0
1990,32,0,0.432,4369.09657147896,32457497.0
1990,33,0,0.432,4369.09657147896,32457497.0
1990,34,0,0.432,4369.09657147896,32457497.0
1990,35,0,0.432,4369.09657147896,32457497.0
1990,36,1,0.432,4369.09657147896,32457497.0
1990,37,0,0.432,4369.09657147896,32457497.0
1990,38,0,0.432,4369.09657147896,32457497.0
1990,39,0,0.432,4369.09657147896,32457497.0
1990,40,10,0.432,4369.09657147896,32457497.0
1990,41,0,0.432,4369.09657147896,32457497.0
1990,42,0,0.432,4369.09657147896,32457497.0
1990,43,0,0.432,4369.09657147896,32457497.0
1990,44,0,0.432,4369.09657147896,32457497.0
1990,45,30,0.432,4369.09657147896,32457497.0
1990,46,18,0.432,4369.09657147896,32457497.0
1990,47,0,0.432,4369.09657147896,32457497.0
1990,48,5,0.432,4369.09657147896,32457497.0
1990,49,13,0.432,4369.09657147896,32457497.0
1990,50,56,0.432,4369.09657147896,32457497.0
1990,51,15,0.432,4369.09657147896,32457497.0
1990,52,27,0.432,4369.09657147896,32457497.0
1991,1,38,0.442,4467.39460246288,33102569.0
1991,2,20,0.442,4467.39460246288,33102569.0
1991,3,1,0.442,4467.39460246288,33102569.0
1991,4,0,0.442,4467.39460246288,33102569.0
1991,5,15,0.442,4467.39460246288,33102569.0
1991,6,55,0.442,4467.39460246288,33102569.0
1991,7,7,0.442,4467.39460246288,33102569.0
1991,8,4,0.442,4467.39460246288,33102569.0
1991,9,8,0.442,4467.39460246288,33102569.0
1991,10,20,0.442,4467.39460246288,33102569.0
1991,11,19,0.442,4467.39460246288,33102569.0
1991,12,7,0.442,4467.39460246288,33102569.0
1991,13,6,0.442,4467.39460246288,33102569.0
1991,14,0,0.442,4467.39460246288,33102569.0
1991,15,0,0.442,4467.39460246288,33102569.0
1991,16,0,0.442,4467.39460246288,33102569.0
1991,17,4,0.442,4467.39460246288,33102569.0
1991,18,37,0.442,4467.39460246288,33102569.0
1991,19,5,0.442,4467.39460246288,33102569.0
1991,20,0,0.442,4467.39460246288,33102569.0
1991,21,17,0.442,4467.39460246288,33102569.0
1991,22,0,0.442,4467.39460246288,33102569.0
1991,23,0,0.442,4467.39460246288,33102569.0
1991,24,0,0.442,4467.39460246288,33102569.0
1991,25,20,0.442,4467.39460246288,33102569.0
1991,26,4,0.442,4467.39460246288,33102569.0
1991,27,26,0.442,4467.39460246288,33102569.0
1991,28,11,0.442,4467.39460246288,33102569.0
1991,29,0,0.442,4467.39460246288,33102569.0
1991,30,7,0.442,4467.39460246288,33102569.0
1991,31,0,0.442,4467.39460246288,33102569.0
1991,32,31,0.442,4467.39460246288,33102569.0
1991,33,30,0.442,4467.39460246288,33102569.0
1991,34,0,0.442,4467.39460246288,33102569.0
1991,35,0,0.442,4467.39460246288,33102569.0
1991,36,10,0.442,4467.39460246288,33102569.0
1991,37,6,0.442,4467.39460246288,33102569.0
1991,38,9,0.442,4467.39460246288,33102569.0
1991,39,0,0.442,4467.39460246288,33102569.0
1991,40,7,0.442,4467.39460246288,33102569.0
1991,41,0,0.442,4467.39460246288,33102569.0
1991,42,0,0.442,4467.39460246288,33102569.0
1991,43,28,0.442,4467.39460246288,33102569.0
1991,44,5,0.442,4467.39460246288,33102569.0
1991,45,0,0.442,4467.39460246288,33102569.0
1991,46,22,0.442,4467.39460246288,33102569.0
1991,47,29,0.442,4467.39460246288,33102569.0
1991,48,18,0.442,4467.39460246288,33102569.0
1991,49,12,0.442,4467.39460246288,33102569.0
1991,50,0,0.442,4467.39460246288,33102569.0
1991,51,0,0.442,4467.39460246288,33102569.0
1991,52,13,0.442,4467.39460246288,33102569.0
1992,1,2,0.505,4468.29772463662,33758328.0
1992,2,0,0.505,4468.29772463662,33758328.0
1992,3,0,0.505,4468.29772463662,33758328.0
1992,4,18,0.505,4468.29772463662,33758328.0
1992,5,23,0.505,4468.29772463662,33758328.0
1992,6,0,0.505,4468.29772463662,33758328.0
1992,7,0,0.505,4468.29772463662,33758328.0
1992,8,15,0.505,4468.29772463662,33758328.0
1992,9,0,0.505,4468.29772463662,33758328.0
1992,10,1,0.505,4468.29772463662,33758328.0
1992,11,0,0.505,4468.29772463662,33758328.0
1992,12,0,0.505,4468.29772463662,33758328.0
1992,13,0,0.505,4468.29772463662,33758328.0
1992,14,11,0.505,4468.29772463662,33758328.0
1992,15,13,0.505,4468.29772463662,33758328.0
1992,16,15,0.505,4468.29772463662,33758328.0
1992,17,0,0.505,4468.29772463662,33758328.0
1992,18,9,0.505,4468.29772463662,33758328.0
1992,19,9,0.505,4468.29772463662,33758328.0
1992,20,6,0.505,4468.29772463662,33758328.0
1992,21,51,0.505,4468.29772463662,33758328.0
1992,22,58,0.505,4468.29772463662,33758328.0
1992,23,6,0.505,4468.29772463662,33758328.0
1992,24,4,0.505,4468.29772463662,33758328.0
1992,25,0,0.505,4468.29772463662,33758328.0
1992,26,0,0.505,4468.29772463662,33758328.0
1992,27,4,0.505,4468.29772463662,33758328.0
1992,28,0,0.505,4468.29772463662,33758328.0
1992,29,0,0.505,4468.29772463662,33758328.0
1992,30,13,0.505,4468.29772463662,33758328.0
1992,31,0,0.505,4468.29772463662,33758328.0
1992,32,0,0.505,4468.29772463662,33758328.0
1992,33,0,0.505,4468.29772463662,33758328.0
1992,34,20,0.505,4468.29772463662,33758328.0
1992,35,0,0.505,4468.29772463662,33758328.0
1992,36,14,0.505,4468.29772463662,33758328.0
1992,37,0,0.505,4468.29772463662,33758328.0
1992,38,13,0.505,4468.29772463662,33758328.0
1992,39,5,0.505,4468.29772463662,33758328.0
1992,40,0,0.505,4468.29772463662,33758328.0
1992,41,18,0.505,4468.29772463662,33758328.0
1992,42,0,0.505,4468.29772463662,33758328.0
1992,43,29,0.505,4468.29772463662,33758328.0
1992,44,19,0.505,4468.29772463662,33758328.0
1992,45,35,0.505,4468.29772463662,33758328.0
1992,46,110,0.505,4468.29772463662,33758328.0
1992,47,0,0.505,4468.29772463662,33758328.0
1992,48,0,0.505,4468.29772463662,33758328.0
1992,49,0,0.505,4468.29772463662,33758328.0
1992,50,0,0.505,4468.29772463662,33758328.0
1992,51,26,0.505,4468.29772463662,33758328.0
1992,52,36,0.505,4468.29772463662,33758328.0
1992,53,0,0.505,4468.29772463662,33758328.0
1993,1,4,0.57,4559.32640402985,34422568.0
1993,2,0,0.57,4559.32640402985,34422568.0
1993,3,0,0.57,4559.32640402985,34422568.0
1993,4,0,0.57,4559.32640402985,34422568.0
1993,5,0,0.57,4559.32640402985,34422568.0
1993,6,3,0.57,4559.32640402985,34422568.0
1993,7,0,0.57,4559.32640402985,34422568.0
1993,8,0,0.57,4559.32640402985,34422568.0
1993,9,0,0.57,4559.32640402985,34422568.0
1993,10,12,0.57,4559.32640402985,34422568.0
1993,11,0,0.57,4559.32640402985,34422568.0
1993,12,2,0.57,4559.32640402985,34422568.0
1993,13,0,0.57,4559.32640402985,34422568.0
1993,14,0,0.57,4559.32640402985,34422568.0
1993,15,27,0.57,4559.32640402985,34422568.0
1993,16,14,0.57,4559.32640402985,34422568.0
1993,17,0,0.57,4559.32640402985,34422568.0
1993,18,24,0.57,4559.32640402985,34422568.0
1993,19,0,0.57,4559.32640402985,34422568.0
1993,20,5,0.57,4559.32640402985,34422568.0
1993,21,0,0.57,4559.32640402985,34422568.0
1993,22,0,0.57,4559.32640402985,34422568.0
1993,23,0,0.57,4559.32640402985,34422568.0
1993,24,0,0.57,4559.32640402985,34422568.0
1993,25,1,0.57,4559.32640402985,34422568.0
1993,26,0,0.57,4559.32640402985,34422568.0
1993,27,0,0.57,4559.32640402985,34422568.0
1993,28,0,0.57,4559.32640402985,34422568.0
1993,29,0,0.57,4559.32640402985,34422568.0
1993,30,0,0.57,4559.32640402985,34422568.0
1993,31,0,0.57,4559.32640402985,34422568.0
1993,32,0,0.57,4559.32640402985,34422568.0
1993,33,0,0.57,4559.32640402985,34422568.0
1993,34,20,0.57,4559.32640402985,34422568.0
1993,35,32,0.57,4559.32640402985,34422568.0
1993,36,1,0.57,4559.32640402985,34422568.0
1993,37,9,0.57,4559.32640402985,34422568.0
1993,38,7,0.57,4559.32640402985,34422568.0
1993,39,0,0.57,4559.32640402985,34422568.0
1993,40,0,0.57,4559.32640402985,34422568.0
1993,41,0,0.57,4559.32640402985,34422568.0
1993,42,0,0.57,4559.32640402985,34422568.0
1993,43,0,0.57,4559.32640402985,34422568.0
1993,44,8,0.57,4559.32640402985,34422568.0
1993,45,0,0.57,4559.32640402985,34422568.0
1993,46,1,0.57,4559.32640402985,34422568.0
1993,47,0,0.57,4559.32640402985,34422568.0
1993,48,0,0.57,4559.32640402985,34422568.0
1993,49,0,0.57,4559.32640402985,34422568.0
1993,50,12,0.57,4559.32640402985,34422568.0
1993,51,0,0.57,4559.32640402985,34422568.0
1993,52,0,0.57,4559.32640402985,34422568.0
1994,1,5,0.57,4713.30267089893,35091272.0
1994,2,1,0.57,4713.30267089893,35091272.0
1994,3,4,0.57,4713.30267089893,35091272.0
1994,4,0,0.57,4713.30267089893,35091272.0
1994,5,0,0.57,4713.30267089893,35091272.0
1994,6,3,0.57,4713.30267089893,35091272.0
1994,7,13,0.57,4713.30267089893,35091272.0
1994,8,7,0.57,4713.30267089893,35091272.0
1994,9,16,0.57,4713.30267089893,35091272.0
1994,10,27,0.57,4713.30267089893,35091272.0
1994,11,3,0.57,4713.30267089893,35091272.0
1994,12,0,0.57,4713.30267089893,35091272.0
1994,13,0,0.57,4713.30267089893,35091272.0
1994,14,0,0.57,4713.30267089893,35091272.0
1994,15,0,0.57,4713.30267089893,35091272.0
1994,16,0,0.57,4713.30267089893,35091272.0
1994,17,0,0.57,4713.30267089893,35091272.0
1994,18,0,0.57,4713.30267089893,35091272.0
1994,19,0,0.57,4713.30267089893,35091272.0
1994,20,6,0.57,4713.30267089893,35091272.0
1994,21,9,0.57,4713.30267089893,35091272.0
1994,22,4,0.57,4713.30267089893,35091272.0
1994,23,0,0.57,4713.30267089893,35091272.0
1994,24,0,0.57,4713.30267089893,35091272.0
1994,25,0,0.57,4713.30267089893,35091272.0
1994,26,0,0.57,4713.30267089893,35091272.0
1994,27,0,0.57,4713.30267089893,35091272.0
1994,28,36,0.57,4713.30267089893,35091272.0
1994,29,41,0.57,4713.30267089893,35091272.0
1994,30,6,0.57,4713.30267089893,35091272.0
1994,31,6,0.57,4713.30267089893,35091272.0
1994,32,0,0.57,4713.30267089893,35091272.0
1994,33,26,0.57,4713.30267089893,35091272.0
1994,34,0,0.57,4713.30267089893,35091272.0
1994,35,14,0.57,4713.30267089893,35091272.0
1994,36,0,0.57,4713.30267089893,35091272.0
1994,37,0,0.57,4713.30267089893,35091272.0
1994,38,2,0.57,4713.30267089893,35091272.0
1994,39,0,0.57,4713.30267089893,35091272.0
1994,40,2,0.57,4713.30267089893,35091272.0
1994,41,0,0.57,4713.30267089893,35091272.0
1994,42,0,0.57,4713.30267089893,35091272.0
1994,43,24,0.57,4713.30267089893,35091272.0
1994,44,12,0.57,4713.30267089893,35091272.0
1994,45,21,0.57,4713.30267089893,35091272.0
1994,46,0,0.57,4713.30267089893,35091272.0
1994,47,0,0.57,4713.30267089893,35091272.0
1994,48,0,0.57,4713.30267089893,35091272.0
1994,49,0,0.57,4713.30267089893,35091272.0
1994,50,4,0.57,4713.30267089893,35091272.0
1994,51,0,0.57,4713.30267089893,35091272.0
1994,52,1,0.57,4713.30267089893,35091272.0
1995,1,6,0.575,4894.23919808641,35758978.0
1995,2,9,0.575,4894.23919808641,35758978.0
1995,3,0,0.575,4894.23919808641,35758978.0
1995,4,0,0.575,4894.23919808641,35758978.0
1995,5,0,0.575,4894.23919808641,35758978.0
1995,6,2,0.575,4894.23919808641,35758978.0
1995,7,10,0.575,4894.23919808641,35758978.0
1995,8,2,0.575,4894.23919808641,35758978.0
1995,9,14,0.575,4894.23919808641,35758978.0
1995,10,0,0.575,4894.23919808641,35758978.0
1995,11,10,0.575,4894.23919808641,35758978.0
1995,12,5,0.575,4894.23919808641,35758978.0
1995,13,0,0.575,4894.23919808641,35758978.0
1995,14,0,0.575,4894.23919808641,35758978.0
1995,15,19,0.575,4894.23919808641,35758978.0
1995,16,21,0.575,4894.23919808641,35758978.0
1995,17,3,0.575,4894.23919808641,35758978.0
1995,18,0,0.575,4894.23919808641,35758978.0
1995,19,0,0.575,4894.23919808641,35758978.0
1995,20,0,0.575,4894.23919808641,35758978.0
1995,21,33,0.575,4894.23919808641,35758978.0
1995,22,4,0.575,4894.23919808641,35758978.0
1995,23,3,0.575,4894.23919808641,35758978.0
1995,24,0,0.575,4894.23919808641,35758978.0
1995,25,0,0.575,4894.23919808641,35758978.0
1995,26,10,0.575,4894.23919808641,35758978.0
1995,27,25,0.575,4894.23919808641,35758978.0
1995,28,4,0.575,4894.23919808641,35758978.0
1995,29,0,0.575,4894.23919808641,35758978.0
1995,30,0,0.575,4894.23919808641,35758978.0
1995,31,13,0.575,4894.23919808641,35758978.0
1995,32,44,0.575,4894.23919808641,35758978.0
1995,33,0,0.575,4894.23919808641,35758978.0
1995,34,4,0.575,4894.23919808641,35758978.0
1995,35,5,0.575,4894.23919808641,35758978.0
1995,36,3,0.575,4894.23919808641,35758978.0
1995,37,0,0.575,4894.23919808641,35758978.0
1995,38,0,0.575,4894.23919808641,35758978.0
1995,39,2,0.575,4894.23919808641,35758978.0
1995,40,8,0.575,4894.23919808641,35758978.0
1995,41,0,0.575,4894.23919808641,35758978.0
1995,42,0,0.575,4894.23919808641,35758978.0
1995,43,14,0.575,4894.23919808641,35758978.0
1995,44,8,0.575,4894.23919808641,35758978.0
1995,45,1,0.575,4894.23919808641,35758978.0
1995,46,0,0.575,4894.23919808641,35758978.0
1995,47,2,0.575,4894.23919808641,35758978.0
1995,48,0,0.575,4894.23919808641,35758978.0
1995,49,6,0.575,4894.23919808641,35758978.0
1995,50,0,0.575,4894.23919808641,35758978.0
1995,51,0,0.575,4894.23919808641,35758978.0
1995,52,16,0.575,4894.23919808641,35758978.0
1996,1,9,0.595,5055.20769083488,36421438.0
1996,2,7,0.595,5055.20769083488,36421438.0
1996,3,6,0.595,5055.20769083488,36421438.0
1996,4,8,0.595,5055.20769083488,36421438.0
1996,5,14,0.595,5055.20769083488,36421438.0
1996,6,5,0.595,5055.20769083488,36421438.0
1996,7,1,0.595,5055.20769083488,36421438.0
1996,8,0,0.595,5055.20769083488,36421438.0
1996,9,0,0.595,5055.20769083488,36421438.0
1996,10,0,0.595,5055.20769083488,36421438.0
1996,11,13,0.595,5055.20769083488,36421438.0
1996,12,0,0.595,5055.20769083488,36421438.0
1996,13,25,0.595,5055.20769083488,36421438.0
1996,14,0,0.595,5055.20769083488,36421438.0
1996,15,50,0.595,5055.20769083488,36421438.0
1996,16,36,0.595,5055.20769083488,36421438.0
1996,17,4,0.595,5055.20769083488,36421438.0
1996,18,6,0.595,5055.20769083488,36421438.0
1996,19,0,0.595,5055.20769083488,36421438.0
1996,20,0,0.595,5055.20769083488,36421438.0
1996,21,0,0.595,5055.20769083488,36421438.0
1996,22,12,0.595,5055.20769083488,36421438.0
1996,23,0,0.595,5055.20769083488,36421438.0
1996,24,0,0.595,5055.20769083488,36421438.0
1996,25,1,0.595,5055.20769083488,36421438.0
1996,26,0,0.595,5055.20769083488,36421438.0
1996,27,0,0.595,5055.20769083488,36421438.0
1996,28,0,0.595,5055.20769083488,36421438.0
1996,29,2,0.595,5055.20769083488,36421438.0
1996,30,0,0.595,5055.20769083488,36421438.0
1996,31,0,0.595,5055.20769083488,36421438.0
1996,32,21,0.595,5055.20769083488,36421438.0
1996,33,6,0.595,5055.20769083488,36421438.0
1996,34,6,0.595,5055.20769083488,36421438.0
1996,35,94,0.595,5055.20769083488,36421438.0
1996,36,61,0.595,5055.20769083488,36421438.0
1996,37,2,0.595,5055.20769083488,36421438.0
1996,38,71,0.595,5055.20769083488,36421438.0
1996,39,15,0.595,5055.20769083488,36421438.0
1996,40,11,0.595,5055.20769083488,36421438.0
1996,41,12,0.595,5055.20769083488,36421438.0
1996,42,40,0.595,5055.20769083488,36421438.0
1996,43,2,0.595,5055.20769083488,36421438.0
1996,44,9,0.595,5055.20769083488,36421438.0
1996,45,3,0.595,5055.20769083488,36421438.0
1996,46,14,0.595,5055.20769083488,36421438.0
1996,47,25,0.595,5055.20769083488,36421438.0
1996,48,7,0.595,5055.20769083488,36421438.0
1996,49,6,0.595,5055.20769083488,36421438.0
1996,50,2,0.595,5055.20769083488,36421438.0
1996,51,0,0.595,5055.20769083488,36421438.0
1996,52,0,0.595,5055.20769083488,36421438.0
1997,1,0,0.574,5068.00003734058,37076387.0
1997,2,6,0.574,5068.00003734058,37076387.0
1997,3,10,0.574,5068.00003734058,37076387.0
1997,4,4,0.574,5068.00003734058,37076387.0
1997,5,43,0.574,5068.00003734058,37076387.0
1997,6,9,0.574,5068.00003734058,37076387.0
1997,7,0,0.574,5068.00003734058,37076387.0
1997,8,16,0.574,5068.00003734058,37076387.0
1997,9,50,0.574,5068.00003734058,37076387.0
1997,10,10,0.574,5068.00003734058,37076387.0
1997,11,40,0.574,5068.00003734058,37076387.0
1997,12,5,0.574,5068.00003734058,37076387.0
1997,13,10,0.574,5068.00003734058,37076387.0
1997,14,0,0.574,5068.00003734058,37076387.0
1997,15,0,0.574,5068.00003734058,37076387.0
1997,16,0,0.574,5068.00003734058,37076387.0
1997,17,5,0.574,5068.00003734058,37076387.0
1997,18,14,0.574,5068.00003734058,37076387.0
1997,19,0,0.574,5068.00003734058,37076387.0
1997,20,0,0.574,5068.00003734058,37076387.0
1997,21,2,0.574,5068.00003734058,37076387.0
1997,22,6,0.574,5068.00003734058,37076387.0
1997,23,13,0.574,5068.00003734058,37076387.0
1997,24,22,0.574,5068.00003734058,37076387.0
1997,25,24,0.574,5068.00003734058,37076387.0
1997,26,5,0.574,5068.00003734058,37076387.0
1997,27,43,0.574,5068.00003734058,37076387.0
1997,28,19,0.574,5068.00003734058,37076387.0
1997,29,0,0.574,5068.00003734058,37076387.0
1997,30,0,0.574,5068.00003734058,37076387.0
1997,31,0,0.574,5068.00003734058,37076387.0
1997,32,2,0.574,5068.00003734058,37076387.0
1997,33,9,0.574,5068.00003734058,37076387.0
1997,34,34,0.574,5068.00003734058,37076387.0
1997,35,10,0.574,5068.00003734058,37076387.0
1997,36,0,0.574,5068.00003734058,37076387.0
1997,37,8,0.574,5068.00003734058,37076387.0
1997,38,2,0.574,5068.00003734058,37076387.0
1997,39,8,0.574,5068.00003734058,37076387.0
1997,40,31,0.574,5068.00003734058,37076387.0
1997,41,13,0.574,5068.00003734058,37076387.0
1997,42,27,0.574,5068.00003734058,37076387.0
1997,43,0,0.574,5068.00003734058,37076387.0
1997,44,0,0.574,5068.00003734058,37076387.0
1997,45,0,0.574,5068.00003734058,37076387.0
1997,46,10,0.574,5068.00003734058,37076387.0
1997,47,4,0.574,5068.00003734058,37076387.0
1997,48,0,0.574,5068.00003734058,37076387.0
1997,49,0,0.574,5068.00003734058,37076387.0
1997,50,13,0.574,5068.00003734058,37076387.0
1997,51,20,0.574,5068.00003734058,37076387.0
1997,52,6,0.574,5068.00003734058,37076387.0
1998,1,2,0.581,5151.88672558158,37723803.0
1998,2,21,0.581,5151.88672558158,37723803.0
1998,3,0,0.581,5151.88672558158,37723803.0
1998,4,0,0.581,5151.88672558158,37723803.0
1998,5,7,0.581,5151.88672558158,37723803.0
1998,6,7,0.581,5151.88672558158,37723803.0
1998,7,8,0.581,5151.88672558158,37723803.0
1998,8,5,0.581,5151.88672558158,37723803.0
1998,9,5,0.581,5151.88672558158,37723803.0
1998,10,136,0.581,5151.88672558158,37723803.0
1998,11,0,0.581,5151.88672558158,37723803.0
1998,12,12,0.581,5151.88672558158,37723803.0
1998,13,9,0.581,5151.88672558158,37723803.0
1998,14,5,0.581,5151.88672558158,37723803.0
1998,15,22,0.581,5151.88672558158,37723803.0
1998,16,12,0.581,5151.88672558158,37723803.0
1998,17,24,0.581,5151.88672558158,37723803.0
1998,18,3,0.581,5151.88672558158,37723803.0
1998,19,29,0.581,5151.88672558158,37723803.0
1998,20,0,0.581,5151.88672558158,37723803.0
1998,21,20,0.581,5151.88672558158,37723803.0
1998,22,10,0.581,5151.88672558158,37723803.0
1998,23,0,0.581,5151.88672558158,37723803.0
1998,24,0,0.581,5151.88672558158,37723803.0
1998,25,0,0.581,5151.88672558158,37723803.0
1998,26,0,0.581,5151.88672558158,37723803.0
1998,27,0,0.581,5151.88672558158,37723803.0
1998,28,5,0.581,5151.88672558158,37723803.0
1998,29,4,0.581,5151.88672558158,37723803.0
1998,30,6,0.581,5151.88672558158,37723803.0
1998,31,15,0.581,5151.88672558158,37723803.0
1998,32,164,0.581,5151.88672558158,37723803.0
1998,33,99,0.581,5151.88672558158,37723803.0
1998,34,0,0.581,5151.88672558158,37723803.0
1998,35,0,0.581,5151.88672558158,37723803.0
1998,36,15,0.581,5151.88672558158,37723803.0
1998,37,5,0.581,5151.88672558158,37723803.0
1998,38,13,0.581,5151.88672558158,37723803.0
1998,39,8,0.581,5151.88672558158,37723803.0
1998,40,1,0.581,5151.88672558158,37723803.0
1998,41,3,0.581,5151.88672558158,37723803.0
1998,42,0,0.581,5151.88672558158,37723803.0
1998,43,0,0.581,5151.88672558158,37723803.0
1998,44,133,0.581,5151.88672558158,37723803.0
1998,45,50,0.581,5151.88672558158,37723803.0
1998,46,0,0.581,5151.88672558158,37723803.0
1998,47,0,0.581,5151.88672558158,37723803.0
1998,48,17,0.581,5151.88672558158,37723803.0
1998,49,13,0.581,5151.88672558158,37723803.0
1998,50,38,0.581,5151.88672558158,37723803.0
1998,51,7,0.581,5151.88672558158,37723803.0
1998,52,0,0.581,5151.88672558158,37723803.0
1998,53,0,0.581,5151.88672558158,37723803.0
1999,1,0,0.558,5094.73892561118,38364307.0
1999,2,0,0.558,5094.73892561118,38364307.0
1999,3,7,0.558,5094.73892561118,38364307.0
1999,4,0,0.558,5094.73892561118,38364307.0
1999,5,0,0.558,5094.73892561118,38364307.0
1999,6,0,0.558,5094.73892561118,38364307.0
1999,7,70,0.558,5094.73892561118,38364307.0
1999,8,0,0.558,5094.73892561118,38364307.0
1999,9,0,0.558,5094.73892561118,38364307.0
1999,10,11,0.558,5094.73892561118,38364307.0
1999,11,44,0.558,5094.73892561118,38364307.0
1999,12,0,0.558,5094.73892561118,38364307.0
1999,13,1,0.558,5094.73892561118,38364307.0
1999,14,20,0.558,5094.73892561118,38364307.0
1999,15,39,0.558,5094.73892561118,38364307.0
1999,16,6,0.558,5094.73892561118,38364307.0
1999,17,14,0.558,5094.73892561118,38364307.0
1999,18,10,0.558,5094.73892561118,38364307.0
1999,19,14,0.558,5094.73892561118,38364307.0
1999,20,0,0.558,5094.73892561118,38364307.0
1999,21,16,0.558,5094.73892561118,38364307.0
1999,22,8,0.558,5094.73892561118,38364307.0
1999,23,34,0.558,5094.73892561118,38364307.0
1999,24,0,0.558,5094.73892561118,38364307.0
1999,25,60,0.558,5094.73892561118,38364307.0
1999,26,0,0.558,5094.73892561118,38364307.0
1999,27,178,0.558,5094.73892561118,38364307.0
1999,28,8,0.558,5094.73892561118,38364307.0
1999,29,1,0.558,5094.73892561118,38364307.0
1999,30,36,0.558,5094.73892561118,38364307.0
1999,31,16,0.558,5094.73892561118,38364307.0
1999,32,5,0.558,5094.73892561118,38364307.0
1999,33,11,0.558,5094.73892561118,38364307.0
1999,34,0,0.558,5094.73892561118,38364307.0
1999,35,33,0.558,5094.73892561118,38364307.0
1999,36,30,0.558,5094.73892561118,38364307.0
1999,37,0,0.558,5094.73892561118,38364307.0
1999,38,15,0.558,5094.73892561118,38364307.0
1999,39,7,0.558,5094.73892561118,38364307.0
1999,40,19,0.558,5094.73892561118,38364307.0
1999,41,5,0.558,5094.73892561118,38364307.0
1999,42,9,0.558,5094.73892561118,38364307.0
1999,43,0,0.558,5094.73892561118,38364307.0
1999,44,8,0.558,5094.73892561118,38364307.0
1999,45,7,0.558,5094.73892561118,38364307.0
1999,46,94,0.558,5094.73892561118,38364307.0
1999,47,4,0.558,5094.73892561118,38364307.0
1999,48,7,0.558,5094.73892561118,38364307.0
1999,49,85,0.558,5094.73892561118,38364307.0
1999,50,39,0.558,5094.73892561118,38364307.0
1999,51,4,0.558,5094.73892561118,38364307.0
1999,52,15,0.558,5094.73892561118,38364307.0
2000,1,16,0.553,4801.06864025915,38999468.0
2000,2,56,0.553,4801.06864025915,38999468.0
2000,3,15,0.553,4801.06864025915,38999468.0
2000,4,31,0.553,4801.06864025915,38999468.0
2000,5,18,0.553,4801.06864025915,38999468.0
2000,6,13,0.553,4801.06864025915,38999468.0
2000,7,21,0.553,4801.06864025915,38999468.0
2000,8,9,0.553,4801.06864025915,38999468.0
2000,9,39,0.553,4801.06864025915,38999468.0
2000,10,22,0.553,4801.06864025915,38999468.0
2000,11,9,0.553,4801.06864025915,38999468.0
2000,12,38,0.553,4801.06864025915,38999468.0
2000,13,13,0.553,4801.06864025915,38999468.0
2000,14,39,0.553,4801.06864025915,38999468.0
2000,15,0,0.553,4801.06864025915,38999468.0
2000,16,0,0.553,4801.06864025915,38999468.0
2000,17,3,0.553,4801.06864025915,38999468.0
2000,18,47,0.553,4801.06864025915,38999468.0
2000,19,13,0.553,4801.06864025915,38999468.0
2000,20,4,0.553,4801.06864025915,38999468.0
2000,21,11,0.553,4801.06864025915,38999468.0
2000,22,4,0.553,4801.06864025915,38999468.0
2000,23,20,0.553,4801.06864025915,38999468.0
2000,24,12,0.553,4801.06864025915,38999468.0
2000,25,2,0.553,4801.06864025915,38999468.0
2000,26,60,0.553,4801.06864025915,38999468.0
2000,27,56,0.553,4801.06864025915,38999468.0
2000,28,38,0.553,4801.06864025915,38999468.0
2000,29,0,0.553,4801.06864025915,38999468.0
2000,30,44,0.553,4801.06864025915,38999468.0
2000,31,17,0.553,4801.06864025915,38999468.0
2000,32,59,0.553,4801.06864025915,38999468.0
2000,33,29,0.553,4801.06864025915,38999468.0
2000,34,0,0.553,4801.06864025915,38999468.0
2000,35,44,0.553,4801.06864025915,38999468.0
2000,36,8,0.553,4801.06864025915,38999468.0
2000,37,30,0.553,4801.06864025915,38999468.0
2000,38,27,0.553,4801.06864025915,38999468.0
2000,39,3,0.553,4801.06864025915,38999468.0
2000,40,1,0.553,4801.06864025915,38999468.0
2000,41,13,0.553,4801.06864025915,38999468.0
2000,42,65,0.553,4801.06864025915,38999468.0
2000,43,1,0.553,4801.06864025915,38999468.0
2000,44,0,0.553,4801.06864025915,38999468.0
2000,45,24,0.553,4801.06864025915,38999468.0
2000,46,4,0.553,4801.06864025915,38999468.0
2000,47,8,0.553,4801.06864025915,38999468.0
2000,48,32,0.553,4801.06864025915,38999468.0
2000,49,47,0.553,4801.06864025915,38999468.0
2000,50,13,0.553,4801.06864025915,38999468.0
2000,51,14,0.553,4801.06864025915,38999468.0
2000,52,9,0.553,4801.06864025915,38999468.0
2001,1,4,0.562,4862.87605315307,39629965.0
2001,2,14,0.562,4862.87605315307,39629965.0
2001,3,5,0.562,4862.87605315307,39629965.0
2001,4,16,0.562,4862.87605315307,39629965.0
2001,5,0,0.562,4862.87605315307,39629965.0
2001,6,4,0.562,4862.87605315307,39629965.0
2001,7,2,0.562,4862.87605315307,39629965.0
2001,8,13,0.562,4862.87605315307,39629965.0
2001,9,3,0.562,4862.87605315307,39629965.0
2001,10,32,0.562,4862.87605315307,39629965.0
2001,11,3,0.562,4862.87605315307,39629965.0
2001,12,7,0.562,4862.87605315307,39629965.0
2001,13,8,0.562,4862.87605315307,39629965.0
2001,14,44,0.562,4862.87605315307,39629965.0
2001,15,14,0.562,4862.87605315307,39629965.0
2001,16,35,0.562,4862.87605315307,39629965.0
2001,17,27,0.562,4862.87605315307,39629965.0
2001,18,12,0.562,4862.87605315307,39629965.0
2001,19,60,0.562,4862.87605315307,39629965.0
2001,20,13,0.562,4862.87605315307,39629965.0
2001,21,7,0.562,4862.87605315307,39629965.0
2001,22,28,0.562,4862.87605315307,39629965.0
2001,23,0,0.562,4862.87605315307,39629965.0
2001,24,8,0.562,4862.87605315307,39629965.0
2001,25,61,0.562,4862.87605315307,39629965.0
2001,26,0,0.562,4862.87605315307,39629965.0
2001,27,6,0.562,4862.87605315307,39629965.0
2001,28,8,0.562,4862.87605315307,39629965.0
2001,29,10,0.562,4862.87605315307,39629965.0
2001,30,10,0.562,4862.87605315307,39629965.0
2001,31,107,0.562,4862.87605315307,39629965.0
2001,32,32,0.562,4862.87605315307,39629965.0
2001,33,88,0.562,4862.87605315307,39629965.0
2001,34,21,0.562,4862.87605315307,39629965.0
2001,35,40,0.562,4862.87605315307,39629965.0
2001,36,8,0.562,4862.87605315307,39629965.0
2001,37,5,0.562,4862.87605315307,39629965.0
2001,38,68,0.562,4862.87605315307,39629965.0
2001,39,47,0.562,4862.87605315307,39629965.0
2001,40,24,0.562,4862.87605315307,39629965.0
2001,41,25,0.562,4862.87605315307,39629965.0
2001,42,36,0.562,4862.87605315307,39629965.0
2001,43,5,0.562,4862.87605315307,39629965.0
2001,44,11,0.562,4862.87605315307,39629965.0
2001,45,8,0.562,4862.87605315307,39629965.0
2001,46,12,0.562,4862.87605315307,39629965.0
2001,47,12,0.562,4862.87605315307,39629965.0
2001,48,5,0.562,4862.87605315307,39629965.0
2001,49,11,0.562,4862.87605315307,39629965.0
2001,50,7,0.562,4862.87605315307,39629965.0
2001,51,4,0.562,4862.87605315307,39629965.0
2001,52,3,0.562,4862.87605315307,39629965.0
2002,1,32,0.53,4867.58232017903,40255956.0
2002,2,1,0.53,4867.58232017903,40255956.0
2002,3,79,0.53,4867.58232017903,40255956.0
2002,4,61,0.53,4867.58232017903,40255956.0
2002,5,37,0.53,4867.58232017903,40255956.0
2002,6,9,0.53,4867.58232017903,40255956.0
2002,7,12,0.53,4867.58232017903,40255956.0
2002,8,7,0.53,4867.58232017903,40255956.0
2002,9,50,0.53,4867.58232017903,40255956.0
2002,10,13,0.53,4867.58232017903,40255956.0
2002,11,61,0.53,4867.58232017903,40255956.0
2002,12,79,0.53,4867.58232017903,40255956.0
2002,13,29,0.53,4867.58232017903,40255956.0
2002,14,57,0.53,4867.58232017903,40255956.0
2002,15,15,0.53,4867.58232017903,40255956.0
2002,16,83,0.53,4867.58232017903,40255956.0
2002,17,20,0.53,4867.58232017903,40255956.0
2002,18,13,0.53,4867.58232017903,40255956.0
2002,19,13,0.53,4867.58232017903,40255956.0
2002,20,61,0.53,4867.58232017903,40255956.0
2002,21,49,0.53,4867.58232017903,40255956.0
2002,22,59,0.53,4867.58232017903,40255956.0
2002,23,52,0.53,4867.58232017903,40255956.0
2002,24,0,0.53,4867.58232017903,40255956.0
2002,25,0,0.53,4867.58232017903,40255956.0
2002,26,3,0.53,4867.58232017903,40255956.0
2002,27,37,0.53,4867.58232017903,40255956.0
2002,28,70,0.53,4867.58232017903,40255956.0
2002,29,34,0.53,4867.58232017903,40255956.0
2002,30,20,0.53,4867.58232017903,40255956.0
2002,31,44,0.53,4867.58232017903,40255956.0
2002,32,62,0.53,4867.58232017903,40255956.0
2002,33,11,0.53,4867.58232017903,40255956.0
2002,34,5,0.53,4867.58232017903,40255956.0
2002,35,39,0.53,4867.58232017903,40255956.0
2002,36,156,0.53,4867.58232017903,40255956.0
2002,37,14,0.53,4867.58232017903,40255956.0
2002,38,232,0.53,4867.58232017903,40255956.0
2002,39,19,0.53,4867.58232017903,40255956.0
2002,40,15,0.53,4867.58232017903,40255956.0
2002,41,18,0.53,4867.58232017903,40255956.0
2002,42,120,0.53,4867.58232017903,40255956.0
2002,43,35,0.53,4867.58232017903,40255956.0
2002,44,38,0.53,4867.58232017903,40255956.0
2002,45,23,0.53,4867.58232017903,40255956.0
2002,46,19,0.53,4867.58232017903,40255956.0
2002,47,18,0.53,4867.58232017903,40255956.0
2002,48,30,0.53,4867.58232017903,40255956.0
2002,49,16,0.53,4867.58232017903,40255956.0
2002,50,9,0.53,4867.58232017903,40255956.0
2002,51,22,0.53,4867.58232017903,40255956.0
2002,52,7,0.53,4867.58232017903,40255956.0
2003,1,7,0.555,4913.85749625519,40875363.0
2003,2,11,0.555,4913.85749625519,40875363.0
2003,3,6,0.555,4913.85749625519,40875363.0
2003,4,16,0.555,4913.85749625519,40875363.0
2003,5,13,0.555,4913.85749625519,40875363.0
2003,6,5,0.555,4913.85749625519,40875363.0
2003,7,20,0.555,4913.85749625519,40875363.0
2003,8,3,0.555,4913.85749625519,40875363.0
2003,9,25,0.555,4913.85749625519,40875363.0
2003,10,6,0.555,4913.85749625519,40875363.0
2003,11,0,0.555,4913.85749625519,40875363.0
2003,12,9,0.555,4913.85749625519,40875363.0
2003,13,6,0.555,4913.85749625519,40875363.0
2003,14,0,0.555,4913.85749625519,40875363.0
2003,15,5,0.555,4913.85749625519,40875363.0
2003,16,30,0.555,4913.85749625519,40875363.0
2003,17,4,0.555,4913.85749625519,40875363.0
2003,18,16,0.555,4913.85749625519,40875363.0
2003,19,24,0.555,4913.85749625519,40875363.0
2003,20,8,0.555,4913.85749625519,40875363.0
2003,21,30,0.555,4913.85749625519,40875363.0
2003,22,3,0.555,4913.85749625519,40875363.0
2003,23,7,0.555,4913.85749625519,40875363.0
2003,24,67,0.555,4913.85749625519,40875363.0
2003,25,40,0.555,4913.85749625519,40875363.0
2003,26,25,0.555,4913.85749625519,40875363.0
2003,27,0,0.555,4913.85749625519,40875363.0
2003,28,0,0.555,4913.85749625519,40875363.0
2003,29,0,0.555,4913.85749625519,40875363.0
2003,30,10,0.555,4913.85749625519,40875363.0
2003,31,8,0.555,4913.85749625519,40875363.0
2003,32,17,0.555,4913.85749625519,40875363.0
2003,33,20,0.555,4913.85749625519,40875363.0
2003,34,7,0.555,4913.85749625519,40875363.0
2003,35,11,0.555,4913.85749625519,40875363.0
2003,36,20,0.555,4913.85749625519,40875363.0
2003,37,25,0.555,4913.85749625519,40875363.0
2003,38,10,0.555,4913.85749625519,40875363.0
2003,39,6,0.555,4913.85749625519,40875363.0
2003,40,14,0.555,4913.85749625519,40875363.0
2003,41,31,0.555,4913.85749625519,40875363.0
2003,42,18,0.555,4913.85749625519,40875363.0
2003,43,68,0.555,4913.85749625519,40875363.0
2003,44,15,0.555,4913.85749625519,40875363.0
2003,45,17,0.555,4913.85749625519,40875363.0
2003,46,0,0.555,4913.85749625519,40875363.0
2003,47,0,0.555,4913.85749625519,40875363.0
2003,48,8,0.555,4913.85749625519,40875363.0
2003,49,18,0.555,4913.85749625519,40875363.0
2003,50,23,0.555,4913.85749625519,40875363.0
2003,51,0,0.555,4913.85749625519,40875363.0
2003,52,7,0.555,4913.85749625519,40875363.0
2004,1,16,0.571,5031.49227964787,41483872.0
2004,2,43,0.571,5031.49227964787,41483872.0
2004,3,34,0.571,5031.49227964787,41483872.0
2004,4,17,0.571,5031.49227964787,41483872.0
2004,5,35,0.571,5031.49227964787,41483872.0
2004,6,22,0.571,5031.49227964787,41483872.0
2004,7,25,0.571,5031.49227964787,41483872.0
2004,8,35,0.571,5031.49227964787,41483872.0
2004,9,32,0.571,5031.49227964787,41483872.0
2004,10,14,0.571,5031.49227964787,41483872.0
2004,11,32,0.571,5031.49227964787,41483872.0
2004,12,49,0.571,5031.49227964787,41483872.0
2004,13,32,0.571,5031.49227964787,41483872.0
2004,14,9,0.571,5031.49227964787,41483872.0
2004,15,29,0.571,5031.49227964787,41483872.0
2004,16,23,0.571,5031.49227964787,41483872.0
2004,17,31,0.571,5031.49227964787,41483872.0
2004,18,12,0.571,5031.49227964787,41483872.0
2004,19,14,0.571,5031.49227964787,41483872.0
2004,20,19,0.571,5031.49227964787,41483872.0
2004,21,15,0.571,5031.49227964787,41483872.0
2004,22,37,0.571,5031.49227964787,41483872.0
2004,23,8,0.571,5031.49227964787,41483872.0
2004,24,9,0.571,5031.49227964787,41483872.0
2004,25,36,0.571,5031.49227964787,41483872.0
2004,26,16,0.571,5031.49227964787,41483872.0
2004,27,71,0.571,5031.49227964787,41483872.0
2004,28,16,0.571,5031.49227964787,41483872.0
2004,29,18,0.571,5031.49227964787,41483872.0
2004,30,37,0.571,5031.49227964787,41483872.0
2004,31,29,0.571,5031.49227964787,41483872.0
2004,32,61,0.571,5031.49227964787,41483872.0
2004,33,9,0.571,5031.49227964787,41483872.0
2004,34,15,0.571,5031.49227964787,41483872.0
2004,35,19,0.571,5031.49227964787,41483872.0
2004,36,12,0.571,5031.49227964787,41483872.0
2004,37,22,0.571,5031.49227964787,41483872.0
2004,38,18,0.571,5031.49227964787,41483872.0
2004,39,17,0.571,5031.49227964787,41483872.0
2004,40,13,0.571,5031.49227964787,41483872.0
2004,41,17,0.571,5031.49227964787,41483872.0
2004,42,8,0.571,5031.49227964787,41483872.0
2004,43,18,0.571,5031.49227964787,41483872.0
2004,44,13,0.571,5031.49227964787,41483872.0
2004,45,19,0.571,5031.49227964787,41483872.0
2004,46,15,0.571,5031.49227964787,41483872.0
2004,47,23,0.571,5031.49227964787,41483872.0
2004,48,13,0.571,5031.49227964787,41483872.0
2004,49,31,0.571,5031.49227964787,41483872.0
2004,50,21,0.571,5031.49227964787,41483872.0
2004,51,31,0.571,5031.49227964787,41483872.0
2004,52,22,0.571,5031.49227964787,41483872.0
2004,53,19,0.571,5031.49227964787,41483872.0
2005,1,18,0.553,5225.24525341854,42075953.0
2005,2,8,0.553,5225.24525341854,42075953.0
2005,3,20,0.553,5225.24525341854,42075953.0
2005,4,11,0.553,5225.24525341854,42075953.0
2005,5,60,0.553,5225.24525341854,42075953.0
2005,6,35,0.553,5225.24525341854,42075953.0
2005,7,50,0.553,5225.24525341854,42075953.0
2005,8,36,0.553,5225.24525341854,42075953.0
2005,9,31,0.553,5225.24525341854,42075953.0
2005,10,82,0.553,5225.24525341854,42075953.0
2005,11,25,0.553,5225.24525341854,42075953.0
2005,12,32,0.553,5225.24525341854,42075953.0
2005,13,18,0.553,5225.24525341854,42075953.0
2005,14,34,0.553,5225.24525341854,42075953.0
2005,15,49,0.553,5225.24525341854,42075953.0
2005,16,4,0.553,5225.24525341854,42075953.0
2005,17,29,0.553,5225.24525341854,42075953.0
2005,18,32,0.553,5225.24525341854,42075953.0
2005,19,50,0.553,5225.24525341854,42075953.0
2005,20,75,0.553,5225.24525341854,42075953.0
2005,21,30,0.553,5225.24525341854,42075953.0
2005,22,27,0.553,5225.24525341854,42075953.0
2005,23,28,0.553,5225.24525341854,42075953.0
2005,24,26,0.553,5225.24525341854,42075953.0
2005,25,46,0.553,5225.24525341854,42075953.0
2005,26,18,0.553,5225.24525341854,42075953.0
2005,27,10,0.553,5225.24525341854,42075953.0
2005,28,34,0.553,5225.24525341854,42075953.0
2005,29,22,0.553,5225.24525341854,42075953.0
2005,30,47,0.553,5225.24525341854,42075953.0
2005,31,18,0.553,5225.24525341854,42075953.0
2005,32,57,0.553,5225.24525341854,42075953.0
2005,33,16,0.553,5225.24525341854,42075953.0
2005,34,9,0.553,5225.24525341854,42075953.0
2005,35,8,0.553,5225.24525341854,42075953.0
2005,36,17,0.553,5225.24525341854,42075953.0
2005,37,22,0.553,5225.24525341854,42075953.0
2005,38,29,0.553,5225.24525341854,42075953.0
2005,39,16,0.553,5225.24525341854,42075953.0
2005,40,20,0.553,5225.24525341854,42075953.0
2005,41,33,0.553,5225.24525341854,42075953.0
2005,42,31,0.553,5225.24525341854,42075953.0
2005,43,29,0.553,5225.24525341854,42075953.0
2005,44,12,0.553,5225.24525341854,42075953.0
2005,45,8,0.553,5225.24525341854,42075953.0
2005,46,12,0.553,5225.24525341854,42075953.0
2005,47,8,0.553,5225.24525341854,42075953.0
2005,48,10,0.553,5225.24525341854,42075953.0
2005,49,13,0.553,5225.24525341854,42075953.0
2005,50,11,0.553,5225.24525341854,42075953.0
2005,51,21,0.553,5225.24525341854,42075953.0
2005,52,38,0.553,5225.24525341854,42075953.0
2006,1,21,0.589,5404.12223554869,42647731.0
2006,2,6,0.589,5404.12223554869,42647731.0
2006,3,1,0.589,5404.12223554869,42647731.0
2006,4,0,0.589,5404.12223554869,42647731.0
2006,5,0,0.589,5404.12223554869,42647731.0
2006,6,13,0.589,5404.12223554869,42647731.0
2006,7,58,0.589,5404.12223554869,42647731.0
2006,8,14,0.589,5404.12223554869,42647731.0
2006,9,27,0.589,5404.12223554869,42647731.0
2006,10,13,0.589,5404.12223554869,42647731.0
2006,11,0,0.589,5404.12223554869,42647731.0
2006,12,0,0.589,5404.12223554869,42647731.0
2006,13,51,0.589,5404.12223554869,42647731.0
2006,14,22,0.589,5404.12223554869,42647731.0
2006,15,13,0.589,5404.12223554869,42647731.0
2006,16,16,0.589,5404.12223554869,42647731.0
2006,17,3,0.589,5404.12223554869,42647731.0
2006,18,0,0.589,5404.12223554869,42647731.0
2006,19,13,0.589,5404.12223554869,42647731.0
2006,20,4,0.589,5404.12223554869,42647731.0
2006,21,14,0.589,5404.12223554869,42647731.0
2006,22,1,0.589,5404.12223554869,42647731.0
2006,23,0,0.589,5404.12223554869,42647731.0
2006,24,0,0.589,5404.12223554869,42647731.0
2006,25,9,0.589,5404.12223554869,42647731.0
2006,26,1,0.589,5404.12223554869,42647731.0
2006,27,7,0.589,5404.12223554869,42647731.0
2006,28,23,0.589,5404.12223554869,42647731.0
2006,29,0,0.589,5404.12223554869,42647731.0
2006,30,9,0.589,5404.12223554869,42647731.0
2006,31,26,0.589,5404.12223554869,42647731.0
2006,32,0,0.589,5404.12223554869,42647731.0
2006,33,6,0.589,5404.12223554869,42647731.0
2006,34,8,0.589,5404.12223554869,42647731.0
2006,35,8,0.589,5404.12223554869,42647731.0
2006,36,0,0.589,5404.12223554869,42647731.0
2006,37,4,0.589,5404.12223554869,42647731.0
2006,38,10,0.589,5404.12223554869,42647731.0
2006,39,3,0.589,5404.12223554869,42647731.0
2006,40,0,0.589,5404.12223554869,42647731.0
2006,41,0,0.589,5404.12223554869,42647731.0
2006,42,0,0.589,5404.12223554869,42647731.0
2006,43,2,0.589,5404.12223554869,42647731.0
2006,44,36,0.589,5404.12223554869,42647731.0
2006,45,9,0.589,5404.12223554869,42647731.0
2006,46,2,0.589,5404.12223554869,42647731.0
2006,47,18,0.589,5404.12223554869,42647731.0
2006,48,20,0.589,5404.12223554869,42647731.0
2006,49,0,0.589,5404.12223554869,42647731.0
2006,50,4,0.589,5404.12223554869,42647731.0
2006,51,16,0.589,5404.12223554869,42647731.0
2006,52,0,0.589,5404.12223554869,42647731.0
2007,1,0,0.538,5693.26452761933,43200901.0
2007,2,12,0.538,5693.26452761933,43200901.0
2007,3,6,0.538,5693.26452761933,43200901.0
2007,4,0,0.538,5693.26452761933,43200901.0
2007,5,0,0.538,5693.26452761933,43200901.0
2007,6,1,0.538,5693.26452761933,43200901.0
2007,7,4,0.538,5693.26452761933,43200901.0
2007,8,5,0.538,5693.26452761933,43200901.0
2007,9,28,0.538,5693.26452761933,43200901.0
2007,10,0,0.538,5693.26452761933,43200901.0
2007,11,5,0.538,5693.26452761933,43200901.0
2007,12,0,0.538,5693.26452761933,43200901.0
2007,13,14,0.538,5693.26452761933,43200901.0
2007,14,12,0.538,5693.26452761933,43200901.0
2007,15,5,0.538,5693.26452761933,43200901.0
2007,16,5,0.538,5693.26452761933,43200901.0
2007,17,0,0.538,5693.26452761933,43200901.0
2007,18,7,0.538,5693.26452761933,43200901.0
2007,19,21,0.538,5693.26452761933,43200901.0
2007,20,5,0.538,5693.26452761933,43200901.0
2007,21,13,0.538,5693.26452761933,43200901.0
2007,22,0,0.538,5693.26452761933,43200901.0
2007,23,1,0.538,5693.26452761933,43200901.0
2007,24,9,0.538,5693.26452761933,43200901.0
2007,25,4,0.538,5693.26452761933,43200901.0
2007,26,28,0.538,5693.26452761933,43200901.0
2007,27,1,0.538,5693.26452761933,43200901.0
2007,28,7,0.538,5693.26452761933,43200901.0
2007,29,0,0.538,5693.26452761933,43200901.0
2007,30,0,0.538,5693.26452761933,43200901.0
2007,31,0,0.538,5693.26452761933,43200901.0
2007,32,10,0.538,5693.26452761933,43200901.0
2007,33,0,0.538,5693.26452761933,43200901.0
2007,34,0,0.538,5693.26452761933,43200901.0
2007,35,3,0.538,5693.26452761933,43200901.0
2007,36,27,0.538,5693.26452761933,43200901.0
2007,37,0,0.538,5693.26452761933,43200901.0
2007,38,1,0.538,5693.26452761933,43200901.0
2007,39,1,0.538,5693.26452761933,43200901.0
2007,40,1,0.538,5693.26452761933,43200901.0
2007,41,12,0.538,5693.26452761933,43200901.0
2007,42,3,0.538,5693.26452761933,43200901.0
2007,43,26,0.538,5693.26452761933,43200901.0
2007,44,0,0.538,5693.26452761933,43200901.0
2007,45,0,0.538,5693.26452761933,43200901.0
2007,46,26,0.538,5693.26452761933,43200901.0
2007,47,18,0.538,5693.26452761933,43200901.0
2007,48,2,0.538,5693.26452761933,43200901.0
2007,49,0,0.538,5693.26452761933,43200901.0
2007,50,0,0.538,5693.26452761933,43200901.0
2007,51,3,0.538,5693.26452761933,43200901.0
2007,52,6,0.538,5693.26452761933,43200901.0
2008,1,3,0.562,6002.33106969292,43737512.0
2008,2,0,0.562,6002.33106969292,43737512.0
2008,3,1,0.562,6002.33106969292,43737512.0
2008,4,4,0.562,6002.33106969292,43737512.0
2008,5,0,0.562,6002.33106969292,43737512.0
2008,6,0,0.562,6002.33106969292,43737512.0
2008,7,7,0.562,6002.33106969292,43737512.0
2008,8,8,0.562,6002.33106969292,43737512.0
2008,9,4,0.562,6002.33106969292,43737512.0
2008,10,4,0.562,6002.33106969292,43737512.0
2008,11,1,0.562,6002.33106969292,43737512.0
2008,12,1,0.562,6002.33106969292,43737512.0
2008,13,0,0.562,6002.33106969292,43737512.0
2008,14,1,0.562,6002.33106969292,43737512.0
2008,15,9,0.562,6002.33106969292,43737512.0
2008,16,7,0.562,6002.33106969292,43737512.0
2008,17,7,0.562,6002.33106969292,43737512.0
2008,18,16,0.562,6002.33106969292,43737512.0
2008,19,5,0.562,6002.33106969292,43737512.0
2008,20,3,0.562,6002.33106969292,43737512.0
2008,21,0,0.562,6002.33106969292,43737512.0
2008,22,0,0.562,6002.33106969292,43737512.0
2008,23,3,0.562,6002.33106969292,43737512.0
2008,24,0,0.562,6002.33106969292,43737512.0
2008,25,0,0.562,6002.33106969292,43737512.0
2008,26,3,0.562,6002.33106969292,43737512.0
2008,27,0,0.562,6002.33106969292,43737512.0
2008,28,5,0.562,6002.33106969292,43737512.0
2008,29,2,0.562,6002.33106969292,43737512.0
2008,30,23,0.562,6002.33106969292,43737512.0
2008,31,18,0.562,6002.33106969292,43737512.0
2008,32,3,0.562,6002.33106969292,43737512.0
2008,33,0,0.562,6002.33106969292,43737512.0
2008,34,3,0.562,6002.33106969292,43737512.0
2008,35,0,0.562,6002.33106969292,43737512.0
2008,36,15,0.562,6002.33106969292,43737512.0
2008,37,3,0.562,6002.33106969292,43737512.0
2008,38,0,0.562,6002.33106969292,43737512.0
2008,39,7,0.562,6002.33106969292,43737512.0
2008,40,0,0.562,6002.33106969292,43737512.0
2008,41,8,0.562,6002.33106969292,43737512.0
2008,42,8,0.562,6002.33106969292,43737512.0
2008,43,0,0.562,6002.33106969292,43737512.0
2008,44,1,0.562,6002.33106969292,43737512.0
2008,45,0,0.562,6002.33106969292,43737512.0
2008,46,0,0.562,6002.33106969292,43737512.0
2008,47,0,0.562,6002.33106969292,43737512.0
2008,48,2,0.562,6002.33106969292,43737512.0
2008,49,9,0.562,6002.33106969292,43737512.0
2008,50,0,0.562,6002.33106969292,43737512.0
2008,51,0,0.562,6002.33106969292,43737512.0
2008,52,1,0.562,6002.33106969292,43737512.0
2009,1,5,0.583,6126.92650332141,44254972.0
2009,2,0,0.583,6126.92650332141,44254972.0
2009,3,0,0.583,6126.92650332141,44254972.0
2009,4,0,0.583,6126.92650332141,44254972.0
2009,5,0,0.583,6126.92650332141,44254972.0
2009,6,1,0.583,6126.92650332141,44254972.0
2009,7,6,0.583,6126.92650332141,44254972.0
2009,8,0,0.583,6126.92650332141,44254972.0
2009,9,0,0.583,6126.92650332141,44254972.0
2009,10,6,0.583,6126.92650332141,44254972.0
2009,11,0,0.583,6126.92650332141,44254972.0
2009,12,5,0.583,6126.92650332141,44254972.0
2009,13,17,0.583,6126.92650332141,44254972.0
2009,14,0,0.583,6126.92650332141,44254972.0
2009,15,13,0.583,6126.92650332141,44254972.0
2009,16,2,0.583,6126.92650332141,44254972.0
2009,17,0,0.583,6126.92650332141,44254972.0
2009,18,8,0.583,6126.92650332141,44254972.0
2009,19,12,0.583,6126.92650332141,44254972.0
2009,20,17,0.583,6126.92650332141,44254972.0
2009,21,4,0.583,6126.92650332141,44254972.0
2009,22,21,0.583,6126.92650332141,44254972.0
2009,23,15,0.583,6126.92650332141,44254972.0
2009,24,18,0.583,6126.92650332141,44254972.0
2009,25,4,0.583,6126.92650332141,44254972.0
2009,26,32,0.583,6126.92650332141,44254972.0
2009,27,6,0.583,6126.92650332141,44254972.0
2009,28,0,0.583,6126.92650332141,44254972.0
2009,29,13,0.583,6126.92650332141,44254972.0
2009,30,25,0.583,6126.92650332141,44254972.0
2009,31,6,0.583,6126.92650332141,44254972.0
2009,32,0,0.583,6126.92650332141,44254972.0
2009,33,2,0.583,6126.92650332141,44254972.0
2009,34,0,0.583,6126.92650332141,44254972.0
2009,35,3,0.583,6126.92650332141,44254972.0
2009,36,0,0.583,6126.92650332141,44254972.0
2009,37,3,0.583,6126.92650332141,44254972.0
2009,38,0,0.583,6126.92650332141,44254972.0
2009,39,0,0.583,6126.92650332141,44254972.0
2009,40,32,0.583,6126.92650332141,44254972.0
2009,41,0,0.583,6126.92650332141,44254972.0
2009,42,0,0.583,6126.92650332141,44254972.0
2009,43,29,0.583,6126.92650332141,44254972.0
2009,44,3,0.583,6126.92650332141,44254972.0
2009,45,12,0.583,6126.92650332141,44254972.0
2009,46,14,0.583,6126.92650332141,44254972.0
2009,47,6,0.583,6126.92650332141,44254972.0
2009,48,0,0.583,6126.92650332141,44254972.0
2009,49,0,0.583,6126.92650332141,44254972.0
2009,50,0,0.583,6126.92650332141,44254972.0
2009,51,12,0.583,6126.92650332141,44254972.0
2009,52,1,0.583,6126.92650332141,44254972.0
2009,53,25,0.583,6126.92650332141,44254972.0
2010,1,6,0.57,6128.1955887057,44750054.0
2010,2,2,0.57,6128.1955887057,44750054.0
2010,3,9,0.57,6128.1955887057,44750054.0
2010,4,11,0.57,6128.1955887057,44750054.0
2010,5,13,0.57,6128.1955887057,44750054.0
2010,6,5,0.57,6128.1955887057,44750054.0
2010,7,7,0.57,6128.1955887057,44750054.0
2010,8,0,0.57,6128.1955887057,44750054.0
2010,9,0,0.57,6128.1955887057,44750054.0
2010,10,3,0.57,6128.1955887057,44750054.0
2010,11,0,0.57,6128.1955887057,44750054.0
2010,12,13,0.57,6128.1955887057,44750054.0
2010,13,5,0.57,6128.1955887057,44750054.0
2010,14,0,0.57,6128.1955887057,44750054.0
2010,15,0,0.57,6128.1955887057,44750054.0
2010,16,1,0.57,6128.1955887057,44750054.0
2010,17,11,0.57,6128.1955887057,44750054.0
2010,18,3,0.57,6128.1955887057,44750054.0
2010,19,12,0.57,6128.1955887057,44750054.0
2010,20,3,0.57,6128.1955887057,44750054.0
2010,21,18,0.57,6128.1955887057,44750054.0
2010,22,7,0.57,6128.1955887057,44750054.0
2010,23,0,0.57,6128.1955887057,44750054.0
2010,24,13,0.57,6128.1955887057,44750054.0
2010,25,0,0.57,6128.1955887057,44750054.0
2010,26,15,0.57,6128.1955887057,44750054.0
2010,27,25,0.57,6128.1955887057,44750054.0
2010,28,9,0.57,6128.1955887057,44750054.0
2010,29,5,0.57,6128.1955887057,44750054.0
2010,30,0,0.57,6128.1955887057,44750054.0
2010,31,0,0.57,6128.1955887057,44750054.0
2010,32,0,0.57,6128.1955887057,44750054.0
2010,33,20,0.57,6128.1955887057,44750054.0
2010,34,0,0.57,6128.1955887057,44750054.0
2010,35,51,0.57,6128.1955887057,44750054.0
2010,36,8,0.57,6128.1955887057,44750054.0
2010,37,25,0.57,6128.1955887057,44750054.0
2010,38,21,0.57,6128.1955887057,44750054.0
2010,39,5,0.57,6128.1955887057,44750054.0
2010,40,3,0.57,6128.1955887057,44750054.0
2010,41,0,0.57,6128.1955887057,44750054.0
2010,42,0,0.57,6128.1955887057,44750054.0
2010,43,0,0.57,6128.1955887057,44750054.0
2010,44,4,0.57,6128.1955887057,44750054.0
2010,45,12,0.57,6128.1955887057,44750054.0
2010,46,18,0.57,6128.1955887057,44750054.0
2010,47,13,0.57,6128.1955887057,44750054.0
2010,48,6,0.57,6128.1955887057,44750054.0
2010,49,0,0.57,6128.1955887057,44750054.0
2010,50,9,0.57,6128.1955887057,44750054.0
2010,51,3,0.57,6128.1955887057,44750054.0
2010,52,1,0.57,6128.1955887057,44750054.0
2011,1,0,0.596,6336.70947398466,45222699.0
2011,2,0,0.596,6336.70947398466,45222699.0
2011,3,8,0.596,6336.70947398466,45222699.0
2011,4,0,0.596,6336.70947398466,45222699.0
2011,5,0,0.596,6336.70947398466,45222699.0
2011,6,0,0.596,6336.70947398466,45222699.0
2011,7,0,0.596,6336.70947398466,45222699.0
2011,8,0,0.596,6336.70947398466,45222699.0
2011,9,3,0.596,6336.70947398466,45222699.0
2011,10,0,0.596,6336.70947398466,45222699.0
2011,11,5,0.596,6336.70947398466,45222699.0
2011,12,28,0.596,6336.70947398466,45222699.0
2011,13,0,0.596,6336.70947398466,45222699.0
2011,14,7,0.596,6336.70947398466,45222699.0
2011,15,0,0.596,6336.70947398466,45222699.0
2011,16,2,0.596,6336.70947398466,45222699.0
2011,17,3,0.596,6336.70947398466,45222699.0
2011,18,12,0.596,6336.70947398466,45222699.0
2011,19,0,0.596,6336.70947398466,45222699.0
2011,20,1,0.596,6336.70947398466,45222699.0
2011,21,0,0.596,6336.70947398466,45222699.0
2011,22,8,0.596,6336.70947398466,45222699.0
2011,23,7,0.596,6336.70947398466,45222699.0
2011,24,0,0.596,6336.70947398466,45222699.0
2011,25,0,0.596,6336.70947398466,45222699.0
2011,26,1,0.596,6336.70947398466,45222699.0
2011,27,9,0.596,6336.70947398466,45222699.0
2011,28,4,0.596,6336.70947398466,45222699.0
2011,29,0,0.596,6336.70947398466,45222699.0
2011,30,1,0.596,6336.70947398466,45222699.0
2011,31,3,0.596,6336.70947398466,45222699.0
2011,32,2,0.596,6336.70947398466,45222699.0
2011,33,4,0.596,6336.70947398466,45222699.0
2011,34,0,0.596,6336.70947398466,45222699.0
2011,35,0,0.596,6336.70947398466,45222699.0
2011,36,0,0.596,6336.70947398466,45222699.0
2011,37,10,0.596,6336.70947398466,45222699.0
2011,38,7,0.596,6336.70947398466,45222699.0
2011,39,3,0.596,6336.70947398466,45222699.0
2011,40,3,0.596,6336.70947398466,45222699.0
2011,41,18,0.596,6336.70947398466,45222699.0
2011,42,25,0.596,6336.70947398466,45222699.0
2011,43,10,0.596,6336.70947398466,45222699.0
2011,44,16,0.596,6336.70947398466,45222699.0
2011,45,0,0.596,6336.70947398466,45222699.0
2011,46,0,0.596,6336.70947398466,45222699.0
2011,47,4,0.596,6336.70947398466,45222699.0
2011,48,0,0.596,6336.70947398466,45222699.0
2011,49,0,0.596,6336.70947398466,45222699.0
2011,50,0,0.596,6336.70947398466,45222699.0
2011,51,0,0.596,6336.70947398466,45222699.0
2011,52,0,0.596,6336.70947398466,45222699.0
2012,1,0,0.593,6711.66805187466,45662747.0
2012,2,0,0.593,6711.66805187466,45662747.0
2012,3,0,0.593,6711.66805187466,45662747.0
2012,4,0,0.593,6711.66805187466,45662747.0
2012,5,15,0.593,6711.66805187466,45662747.0
2012,6,0,0.593,6711.66805187466,45662747.0
2012,7,0,0.593,6711.66805187466,45662747.0
2012,8,0,0.593,6711.66805187466,45662747.0
2012,9,0,0.593,6711.66805187466,45662747.0
2012,10,0,0.593,6711.66805187466,45662747.0
2012,11,11,0.593,6711.66805187466,45662747.0
2012,12,39,0.593,6711.66805187466,45662747.0
2012,13,36,0.593,6711.66805187466,45662747.0
2012,14,10,0.593,6711.66805187466,45662747.0
2012,15,2,0.593,6711.66805187466,45662747.0
2012,16,0,0.593,6711.66805187466,45662747.0
2012,17,18,0.593,6711.66805187466,45662747.0
2012,18,0,0.593,6711.66805187466,45662747.0
2012,19,10,0.593,6711.66805187466,45662747.0
2012,20,2,0.593,6711.66805187466,45662747.0
2012,21,0,0.593,6711.66805187466,45662747.0
2012,22,0,0.593,6711.66805187466,45662747.0
2012,23,0,0.593,6711.66805187466,45662747.0
2012,24,0,0.593,6711.66805187466,45662747.0
2012,25,0,0.593,6711.66805187466,45662747.0
2012,26,0,0.593,6711.66805187466,45662747.0
2012,27,1,0.593,6711.66805187466,45662747.0
2012,28,5,0.593,6711.66805187466,45662747.0
2012,29,2,0.593,6711.66805187466,45662747.0
2012,30,0,0.593,6711.66805187466,45662747.0
2012,31,2,0.593,6711.66805187466,45662747.0
2012,32,0,0.593,6711.66805187466,45662747.0
2012,33,3,0.593,6711.66805187466,45662747.0
2012,34,0,0.593,6711.66805187466,45662747.0
2012,35,0,0.593,6711.66805187466,45662747.0
2012,36,1,0.593,6711.66805187466,45662747.0
2012,37,1,0.593,6711.66805187466,45662747.0
2012,38,0,0.593,6711.66805187466,45662747.0
2012,39,8,0.593,6711.66805187466,45662747.0
2012,40,0,0.593,6711.66805187466,45662747.0
2012,41,0,0.593,6711.66805187466,45662747.0
2012,42,5,0.593,6711.66805187466,45662747.0
2012,43,0,0.593,6711.66805187466,45662747.0
2012,44,6,0.593,6711.66805187466,45662747.0
2012,45,0,0.593,6711.66805187466,45662747.0
2012,46,0,0.593,6711.66805187466,45662747.0
2012,47,0,0.593,6711.66805187466,45662747.0
2012,48,0,0.593,6711.66805187466,45662747.0
2012,49,20,0.593,6711.66805187466,45662747.0
2012,50,0,0.593,6711.66805187466,45662747.0
2012,51,0,0.593,6711.66805187466,45662747.0
2012,52,0,0.593,6711.66805187466,45662747.0
2013,1,14,0.627,6911.76119085696,46075721.0
2013,2,0,0.627,6911.76119085696,46075721.0
2013,3,0,0.627,6911.76119085696,46075721.0
2013,4,0,0.627,6911.76119085696,46075721.0
2013,5,0,0.627,6911.76119085696,46075721.0
2013,6,2,0.627,6911.76119085696,46075721.0
2013,7,10,0.627,6911.76119085696,46075721.0
2013,8,0,0.627,6911.76119085696,46075721.0
2013,9,0,0.627,6911.76119085696,46075721.0
2013,10,16,0.627,6911.76119085696,46075721.0
2013,11,0,0.627,6911.76119085696,46075721.0
2013,12,0,0.627,6911.76119085696,46075721.0
2013,13,0,0.627,6911.76119085696,46075721.0
2013,14,0,0.627,6911.76119085696,46075721.0
2013,15,0,0.627,6911.76119085696,46075721.0
2013,16,0,0.627,6911.76119085696,46075721.0
2013,17,0,0.627,6911.76119085696,46075721.0
2013,18,7,0.627,6911.76119085696,46075721.0
2013,19,0,0.627,6911.76119085696,46075721.0
2013,20,0,0.627,6911.76119085696,46075721.0
2013,21,15,0.627,6911.76119085696,46075721.0
2013,22,0,0.627,6911.76119085696,46075721.0
2013,23,0,0.627,6911.76119085696,46075721.0
2013,24,0,0.627,6911.76119085696,46075721.0
2013,25,0,0.627,6911.76119085696,46075721.0
2013,26,0,0.627,6911.76119085696,46075721.0
2013,27,0,0.627,6911.76119085696,46075721.0
2013,28,0,0.627,6911.76119085696,46075721.0
2013,29,27,0.627,6911.76119085696,46075721.0
2013,30,1,0.627,6911.76119085696,46075721.0
2013,31,1,0.627,6911.76119085696,46075721.0
2013,32,1,0.627,6911.76119085696,46075721.0
2013,33,0,0.627,6911.76119085696,46075721.0
2013,34,13,0.627,6911.76119085696,46075721.0
2013,35,0,0.627,6911.76119085696,46075721.0
2013,36,0,0.627,6911.76119085696,46075721.0
2013,37,0,0.627,6911.76119085696,46075721.0
2013,38,0,0.627,6911.76119085696,46075721.0
2013,39,9,0.627,6911.76119085696,46075721.0
2013,40,3,0.627,6911.76119085696,46075721.0
2013,41,0,0.627,6911.76119085696,46075721.0
2013,42,0,0.627,6911.76119085696,46075721.0
2013,43,0,0.627,6911.76119085696,46075721.0
2013,44,0,0.627,6911.76119085696,46075721.0
2013,45,0,0.627,6911.76119085696,46075721.0
2013,46,0,0.627,6911.76119085696,46075721.0
2013,47,10,0.627,6911.76119085696,46075721.0
2013,48,0,0.627,6911.76119085696,46075721.0
2013,49,9,0.627,6911.76119085696,46075721.0
2013,50,0,0.627,6911.76119085696,46075721.0
2013,51,10,0.627,6911.76119085696,46075721.0
2013,52,0,0.627,6911.76119085696,46075721.0
2014,1,6,0.624,7201.0060866521,46495492.0
2014,2,0,0.624,7201.0060866521,46495492.0
2014,3,15,0.624,7201.0060866521,46495492.0
2014,4,7,0.624,7201.0060866521,46495492.0
2014,5,0,0.624,7201.0060866521,46495492.0
2014,6,0,0.624,7201.0060866521,46495492.0
2014,7,0,0.624,7201.0060866521,46495492.0
2014,8,5,0.624,7201.0060866521,46495492.0
2014,9,3,0.624,7201.0060866521,46495492.0
2014,10,0,0.624,7201.0060866521,46495492.0
2014,11,6,0.624,7201.0060866521,46495492.0
2014,12,0,0.624,7201.0060866521,46495492.0
2014,13,2,0.624,7201.0060866521,46495492.0
2014,14,6,0.624,7201.0060866521,46495492.0
2014,15,0,0.624,7201.0060866521,46495492.0
2014,16,4,0.624,7201.0060866521,46495492.0
2014,17,1,0.624,7201.0060866521,46495492.0
2014,18,0,0.624,7201.0060866521,46495492.0
2014,19,0,0.624,7201.0060866521,46495492.0
2014,20,2,0.624,7201.0060866521,46495492.0
2014,21,1,0.624,7201.0060866521,46495492.0
2014,22,0,0.624,7201.0060866521,46495492.0
2014,23,1,0.624,7201.0060866521,46495492.0
2014,24,6,0.624,7201.0060866521,46495492.0
2014,25,0,0.624,7201.0060866521,46495492.0
2014,26,0,0.624,7201.0060866521,46495492.0
2014,27,3,0.624,7201.0060866521,46495492.0
2014,28,0,0.624,7201.0060866521,46495492.0
2014,29,0,0.624,7201.0060866521,46495492.0
2014,30,13,0.624,7201.0060866521,46495492.0
2014,31,0,0.624,7201.0060866521,46495492.0
2014,32,0,0.624,7201.0060866521,46495492.0
2014,33,2,0.624,7201.0060866521,46495492.0
2014,34,0,0.624,7201.0060866521,46495492.0
2014,35,0,0.624,7201.0060866521,46495492.0
2014,36,22,0.624,7201.0060866521,46495492.0
2014,37,8,0.624,7201.0060866521,46495492.0
2014,38,9,0.624,7201.0060866521,46495492.0
2014,39,1,0.624,7201.0060866521,46495492.0
2014,40,1,0.624,7201.0060866521,46495492.0
2014,41,0,0.624,7201.0060866521,46495492.0
2014,42,0,0.624,7201.0060866521,46495492.0
2014,43,0,0.624,7201.0060866521,46495492.0
2014,44,0,0.624,7201.0060866521,46495492.0
2014,45,0,0.624,7201.0060866521,46495492.0
2014,46,0,0.624,7201.0060866521,46495492.0
2014,47,1,0.624,7201.0060866521,46495492.0
2014,48,0,0.624,7201.0060866521,46495492.0
2014,49,0,0.624,7201.0060866521,46495492.0
2014,50,0,0.624,7201.0060866521,46495492.0
2014,51,19,0.624,7201.0060866521,46495492.0
2014,52,0,0.624,7201.0060866521,46495492.0
2015,1,3,0.676,7449.32523719407,46967706.0
2015,2,0,0.676,7449.32523719407,46967706.0
2015,3,0,0.676,7449.32523719407,46967706.0
2015,4,0,0.676,7449.32523719407,46967706.0
2015,5,0,0.676,7449.32523719407,46967706.0
2015,6,0,0.676,7449.32523719407,46967706.0
2015,7,6,0.676,7449.32523719407,46967706.0
2015,8,6,0.676,7449.32523719407,46967706.0
2015,9,0,0.676,7449.32523719407,46967706.0
2015,10,0,0.676,7449.32523719407,46967706.0
2015,11,5,0.676,7449.32523719407,46967706.0
2015,12,0,0.676,7449.32523719407,46967706.0
2015,13,0,0.676,7449.32523719407,46967706.0
2015,14,0,0.676,7449.32523719407,46967706.0
2015,15,0,0.676,7449.32523719407,46967706.0
2015,16,15,0.676,7449.32523719407,46967706.0
2015,17,0,0.676,7449.32523719407,46967706.0
2015,18,0,0.676,7449.32523719407,46967706.0
2015,19,0,0.676,7449.32523719407,46967706.0
2015,20,0,0.676,7449.32523719407,46967706.0
2015,21,38,0.676,7449.32523719407,46967706.0
2015,22,12,0.676,7449.32523719407,46967706.0
2015,23,0,0.676,7449.32523719407,46967706.0
2015,24,7,0.676,7449.32523719407,46967706.0
2015,25,8,0.676,7449.32523719407,46967706.0
2015,26,4,0.676,7449.32523719407,46967706.0
2015,27,0,0.676,7449.32523719407,46967706.0
2015,28,2,0.676,7449.32523719407,46967706.0
2015,29,0,0.676,7449.32523719407,46967706.0
2015,30,1,0.676,7449.32523719407,46967706.0
2015,31,1,0.676,7449.32523719407,46967706.0
2015,32,0,0.676,7449.32523719407,46967706.0
2015,33,0,0.676,7449.32523719407,46967706.0
2015,34,0,0.676,7449.32523719407,46967706.0
2015,35,0,0.676,7449.32523719407,46967706.0
2015,36,0,0.676,7449.32523719407,46967706.0
2015,37,0,0.676,7449.32523719407,46967706.0
2015,38,6,0.676,7449.32523719407,46967706.0
2015,39,0,0.676,7449.32523719407,46967706.0
2015,40,5,0.676,7449.32523719407,46967706.0
2015,41,0,0.676,7449.32523719407,46967706.0
2015,42,0,0.676,7449.32523719407,46967706.0
2015,43,10,0.676,7449.32523719407,46967706.0
2015,44,12,0.676,7449.32523719407,46967706.0
2015,45,0,0.676,7449.32523719407,46967706.0
2015,46,0,0.676,7449.32523719407,46967706.0
2015,47,0,0.676,7449.32523719407,46967706.0
2015,48,0,0.676,7449.32523719407,46967706.0
2015,49,1,0.676,7449.32523719407,46967706.0
2015,50,0,0.676,7449.32523719407,46967706.0
2015,51,0,0.676,7449.32523719407,46967706.0
2015,52,0,0.676,7449.32523719407,46967706.0
2015,53,0,0.676,7449.32523719407,46967706.0
2016,1,0,0.711,7580.27571259431,47520667.0
2016,2,0,0.711,7580.27571259431,47520667.0
2016,3,0,0.711,7580.27571259431,47520667.0
2016,4,0,0.711,7580.27571259431,47520667.0
2016,5,0,0.711,7580.27571259431,47520667.0
2016,6,0,0.711,7580.27571259431,47520667.0
2016,7,7,0.711,7580.27571259431,47520667.0
2016,8,3,0.711,7580.27571259431,47520667.0
2016,9,0,0.711,7580.27571259431,47520667.0
2016,10,2,0.711,7580.27571259431,47520667.0
2016,11,5,0.711,7580.27571259431,47520667.0
2016,12,0,0.711,7580.27571259431,47520667.0
2016,13,0,0.711,7580.27571259431,47520667.0
2016,14,0,0.711,7580.27571259431,47520667.0
2016,15,0,0.711,7580.27571259431,47520667.0
2016,16,0,0.711,7580.27571259431,47520667.0
2016,17,0,0.711,7580.27571259431,47520667.0
2016,18,7,0.711,7580.27571259431,47520667.0
2016,19,3,0.711,7580.27571259431,47520667.0
2016,20,0,0.711,7580.27571259431,47520667.0
2016,21,0,0.711,7580.27571259431,47520667.0
2016,22,0,0.711,7580.27571259431,47520667.0
2016,23,0,0.711,7580.27571259431,47520667.0
2016,24,0,0.711,7580.27571259431,47520667.0
2016,25,0,0.711,7580.27571259431,47520667.0
2016,26,0,0.711,7580.27571259431,47520667.0
2016,27,2,0.711,7580.27571259431,47520667.0
2016,28,0,0.711,7580.27571259431,47520667.0
2016,29,0,0.711,7580.27571259431,47520667.0
2016,30,0,0.711,7580.27571259431,47520667.0
2016,31,0,0.711,7580.27571259431,47520667.0
2016,32,0,0.711,7580.27571259431,47520667.0
2016,33,0,0.711,7580.27571259431,47520667.0
2016,34,0,0.711,7580.27571259431,47520667.0
2016,35,0,0.711,7580.27571259431,47520667.0
2016,36,0,0.711,7580.27571259431,47520667.0
2016,37,0,0.711,7580.27571259431,47520667.0
2016,38,0,0.711,7580.27571259431,47520667.0
2016,39,0,0.711,7580.27571259431,47520667.0
2016,40,0,0.711,7580.27571259431,47520667.0
2016,41,0,0.711,7580.27571259431,47520667.0
2016,42,1,0.711,7580.27571259431,47520667.0
2016,43,0,0.711,7580.27571259431,47520667.0
2016,44,0,0.711,7580.27571259431,47520667.0
2016,45,0,0.711,7580.27571259431,47520667.0
2016,46,2,0.711,7580.27571259431,47520667.0
2016,47,0,0.711,7580.27571259431,47520667.0
2016,48,0,0.711,7580.27571259431,47520667.0
2016,49,0,0.711,7580.27571259431,47520667.0
2016,50,0,0.711,7580.27571259431,47520667.0
2016,51,2,0.711,7580.27571259431,47520667.0
2016,52,1,0.711,7580.27571259431,47520667.0
2017,1,0,0.652,7633.38984323017,48175048.0
2017,2,0,0.652,7633.38984323017,48175048.0
2017,3,0,0.652,7633.38984323017,48175048.0
2017,4,0,0.652,7633.38984323017,48175048.0
2017,5,0,0.652,7633.38984323017,48175048.0
2017,6,0,0.652,7633.38984323017,48175048.0
2017,7,1,0.652,7633.38984323017,48175048.0
2017,8,0,0.652,7633.38984323017,48175048.0
2017,9,0,0.652,7633.38984323017,48175048.0
2017,10,0,0.652,7633.38984323017,48175048.0
2017,11,0,0.652,7633.38984323017,48175048.0
2017,12,0,0.652,7633.38984323017,48175048.0
2017,13,0,0.652,7633.38984323017,48175048.0
2017,14,11,0.652,7633.38984323017,48175048.0
2017,15,0,0.652,7633.38984323017,48175048.0
2017,16,0,0.652,7633.38984323017,48175048.0
2017,17,0,0.652,7633.38984323017,48175048.0
2017,18,1,0.652,7633.38984323017,48175048.0
2017,19,0,0.652,7633.38984323017,48175048.0
2017,20,0,0.652,7633.38984323017,48175048.0
2017,21,0,0.652,7633.38984323017,48175048.0
2017,22,0,0.652,7633.38984323017,48175048.0
2017,23,0,0.652,7633.38984323017,48175048.0
2017,24,2,0.652,7633.38984323017,48175048.0
2017,25,0,0.652,7633.38984323017,48175048.0
2017,26,0,0.652,7633.38984323017,48175048.0
2017,27,0,0.652,7633.38984323017,48175048.0
2017,28,0,0.652,7633.38984323017,48175048.0
2017,29,0,0.652,7633.38984323017,48175048.0
2017,30,0,0.652,7633.38984323017,48175048.0
2017,31,0,0.652,7633.38984323017,48175048.0
2017,32,0,0.652,7633.38984323017,48175048.0
2017,33,0,0.652,7633.38984323017,48175048.0
2017,34,0,0.652,7633.38984323017,48175048.0
2017,35,0,0.652,7633.38984323017,48175048.0
2017,36,0,0.652,7633.38984323017,48175048.0
2017,37,0,0.652,7633.38984323017,48175048.0
2017,38,0,0.652,7633.38984323017,48175048.0
2017,39,4,0.652,7633.38984323017,48175048.0
2017,40,0,0.652,7633.38984323017,48175048.0
2017,41,0,0.652,7633.38984323017,48175048.0
2017,42,0,0.652,7633.38984323017,48175048.0
2017,43,0,0.652,7633.38984323017,48175048.0
2017,44,0,0.652,7633.38984323017,48175048.0
2017,45,0,0.652,7633.38984323017,48175048.0
2017,46,0,0.652,7633.38984323017,48175048.0
2017,47,0,0.652,7633.38984323017,48175048.0
2017,48,0,0.652,7633.38984323017,48175048.0
2017,49,0,0.652,7633.38984323017,48175048.0
2017,50,0,0.652,7633.38984323017,48175048.0
2017,51,0,0.652,7633.38984323017,48175048.0
2017,52,0,0.652,7633.38984323017,48175048.0
2018,1,0,0.644,7620.91617187225,48909844.0
2018,2,1,0.644,7620.91617187225,48909844.0
2018,3,5,0.644,7620.91617187225,48909844.0
2018,4,12,0.644,7620.91617187225,48909844.0
2018,5,3,0.644,7620.91617187225,48909844.0
2018,6,0,0.644,7620.91617187225,48909844.0
2018,7,1,0.644,7620.91617187225,48909844.0
2018,8,3,0.644,7620.91617187225,48909844.0
2018,9,7,0.644,7620.91617187225,48909844.0
2018,10,10,0.644,7620.91617187225,48909844.0
2018,11,1,0.644,7620.91617187225,48909844.0
2018,12,9,0.644,7620.91617187225,48909844.0
2018,13,0,0.644,7620.91617187225,48909844.0
2018,14,0,0.644,7620.91617187225,48909844.0
2018,15,0,0.644,7620.91617187225,48909844.0
2018,16,0,0.644,7620.91617187225,48909844.0
2018,17,0,0.644,7620.91617187225,48909844.0
2018,18,2,0.644,7620.91617187225,48909844.0
2018,19,0,0.644,7620.91617187225,48909844.0
2018,20,2,0.644,7620.91617187225,48909844.0
2018,21,0,0.644,7620.91617187225,48909844.0
2018,22,11,0.644,7620.91617187225,48909844.0
2018,23,8,0.644,7620.91617187225,48909844.0
2018,24,18,0.644,7620.91617187225,48909844.0
2018,25,1,0.644,7620.91617187225,48909844.0
2018,26,0,0.644,7620.91617187225,48909844.0
2018,27,1,0.644,7620.91617187225,48909844.0
2018,28,0,0.644,7620.91617187225,48909844.0
2018,29,2,0.644,7620.91617187225,48909844.0
2018,30,4,0.644,7620.91617187225,48909844.0
2018,31,0,0.644,7620.91617187225,48909844.0
2018,32,2,0.644,7620.91617187225,48909844.0
2018,33,1,0.644,7620.91617187225,48909844.0
2018,34,0,0.644,7620.91617187225,48909844.0
2018,35,1,0.644,7620.91617187225,48909844.0
2018,36,5,0.644,7620.91617187225,48909844.0
2018,37,0,0.644,7620.91617187225,48909844.0
2018,38,3,0.644,7620.91617187225,48909844.0
2018,39,4,0.644,7620.91617187225,48909844.0
2018,40,7,0.644,7620.91617187225,48909844.0
2018,41,6,0.644,7620.91617187225,48909844.0
2018,42,2,0.644,7620.91617187225,48909844.0
2018,43,2,0.644,7620.91617187225,48909844.0
2018,44,0,0.644,7620.91617187225,48909844.0
2018,45,1,0.644,7620.91617187225,48909844.0
2018,46,0,0.644,7620.91617187225,48909844.0
2018,47,2,0.644,7620.91617187225,48909844.0
2018,48,0,0.644,7620.91617187225,48909844.0
2018,49,1,0.644,7620.91617187225,48909844.0
2018,50,0,0.644,7620.91617187225,48909844.0
2018,51,3,0.644,7620.91617187225,48909844.0
2018,52,1,0.644,7620.91617187225,48909844.0
2019,1,0,0.68,7694.42733302471,49661056.0
2019,2,0,0.68,7694.42733302471,49661056.0
2019,3,23,0.68,7694.42733302471,49661056.0
2019,4,1,0.68,7694.42733302471,49661056.0
2019,5,10,0.68,7694.42733302471,49661056.0
2019,6,0,0.68,7694.42733302471,49661056.0
2019,7,2,0.68,7694.42733302471,49661056.0
2019,8,0,0.68,7694.42733302471,49661056.0
2019,9,2,0.68,7694.42733302471,49661056.0
2019,10,9,0.68,7694.42733302471,49661056.0
2019,11,0,0.68,7694.42733302471,49661056.0
2019,12,1,0.68,7694.42733302471,49661056.0
2019,13,4,0.68,7694.42733302471,49661056.0
2019,14,0,0.68,7694.42733302471,49661056.0
2019,15,9,0.68,7694.42733302471,49661056.0
2019,16,3,0.68,7694.42733302471,49661056.0
2019,17,1,0.68,7694.42733302471,49661056.0
2019,18,4,0.68,7694.42733302471,49661056.0
2019,19,1,0.68,7694.42733302471,49661056.0
2019,20,0,0.68,7694.42733302471,49661056.0
2019,21,0,0.68,7694.42733302471,49661056.0
2019,22,9,0.68,7694.42733302471,49661056.0
2019,23,3,0.68,7694.42733302471,49661056.0
2019,24,2,0.68,7694.42733302471,49661056.0
2019,25,0,0.68,7694.42733302471,49661056.0
2019,26,1,0.68,7694.42733302471,49661056.0
2019,27,2,0.68,7694.42733302471,49661056.0
2019,28,4,0.68,7694.42733302471,49661056.0
2019,29,0,0.68,7694.42733302471,49661056.0
2019,30,0,0.68,7694.42733302471,49661056.0
2019,31,0,0.68,7694.42733302471,49661056.0
2019,32,0,0.68,7694.42733302471,49661056.0
2019,33,1,0.68,7694.42733302471,49661056.0
2019,34,4,0.68,7694.42733302471,49661056.0
2019,35,9,0.68,7694.42733302471,49661056.0
2019,36,2,0.68,7694.42733302471,49661056.0
2019,37,1,0.68,7694.42733302471,49661056.0
2019,38,0,0.68,7694.42733302471,49661056.0
2019,39,2,0.68,7694.42733302471,49661056.0
2019,40,2,0.68,7694.42733302471,49661056.0
2019,41,0,0.68,7694.42733302471,49661056.0
2019,42,4,0.68,7694.42733302471,49661056.0
2019,43,0,0.68,7694.42733302471,49661056.0
2019,44,0,0.68,7694.42733302471,49661056.0
2019,45,1,0.68,7694.42733302471,49661056.0
2019,46,0,0.68,7694.42733302471,49661056.0
2019,47,0,0.68,7694.42733302471,49661056.0
2019,48,0,0.68,7694.42733302471,49661056.0
2019,49,1,0.68,7694.42733302471,49661056.0
2019,50,2,0.68,7694.42733302471,49661056.0
2019,51,0,0.68,7694.42733302471,49661056.0
2019,52,0,0.68,7694.42733302471,49661056.0
